<manifest><control namespace="PCFwizards" constructor="CopyTextToClipboard" version="0.0.1" display-name-key="CopyTextToClipboard" description-key="CopyTextToClipboard" control-type="standard" api-version="1.3.16"><external-service-usage enabled="false" /><type-group name="singleliners"><type>SingleLine.Text</type><type>SingleLine.Email</type><type>SingleLine.Phone</type><type>SingleLine.TextArea</type><type>SingleLine.URL</type></type-group><property name="inputText" display-name-key="SingleLine column" description-key="Field or column to be bound." of-type-group="singleliners" usage="bound" required="true" /><resources><code path="bundle.js" order="1" /><css path="css/CopyTextHtml.css" order="1" /></resources><feature-usage /><built-by name="pac" version="1.42.1" /></control></manifest>